Directory,URL,Status,Login Email,Notes,NAP Used,Category,Service Area,Hours,Description
Google Business Profile,,,,"Use existing profile; add counties to service area","Sit & Git Portables | (608) 570-9118 | https://www.sitandgit.com/","Portable toilet supplier","Vernon, Richland, Crawford (WI)","Mon–Sat 8 AM–5 PM; Sun closed","Sit & Git Portables provides portable restroom rentals, ADA-accessible units, handwashing stations, and servicing across southwest Wisconsin. Local delivery, clean units, and flexible service schedules to meet customer needs."
Bing Places,,,,,"Sit & Git Portables | (608) 570-9118 | https://www.sitandgit.com/","Portable toilet supplier","Vernon, Richland, Crawford (WI)","Mon–Sat 8 AM–5 PM; Sun closed","Sit & Git Portables provides portable restroom rentals, ADA-accessible units, handwashing stations, and servicing across southwest Wisconsin. Local delivery, clean units, and flexible service schedules to meet customer needs."
Apple Business Connect,,,,,"Sit & Git Portables | (608) 570-9118 | https://www.sitandgit.com/","Portable toilet supplier","Vernon, Richland, Crawford (WI)","Mon–Sat 8 AM–5 PM; Sun closed","Sit & Git Portables provides portable restroom rentals, ADA-accessible units, handwashing stations, and servicing across southwest Wisconsin. Local delivery, clean units, and flexible service schedules to meet customer needs."
Yelp,,,,,"Sit & Git Portables | (608) 570-9118 | https://www.sitandgit.com/","Portable toilet rental service","Vernon, Richland, Crawford (WI)","Mon–Sat 8 AM–5 PM; Sun closed","Sit & Git Portables provides portable restroom rentals, ADA-accessible units, handwashing stations, and servicing across southwest Wisconsin. Local delivery, clean units, and flexible service schedules to meet customer needs."
Facebook Business Page,,,,,"Sit & Git Portables | (608) 570-9118 | https://www.sitandgit.com/","Portable toilet rental service","Vernon, Richland, Crawford (WI)","Mon–Sat 8 AM–5 PM; Sun closed","Sit & Git Portables provides portable restroom rentals, ADA-accessible units, handwashing stations, and servicing across southwest Wisconsin. Local delivery, clean units, and flexible service schedules to meet customer needs."
Vernon County Chamber / Econ Dev,,,,,"Sit & Git Portables | (608) 570-9118 | https://www.sitandgit.com/","Portable toilet rentals","Vernon County, WI","Mon–Sat 8 AM–5 PM; Sun closed","Sit & Git Portables provides portable restroom rentals, ADA-accessible units, handwashing stations, and servicing across southwest Wisconsin. Local delivery, clean units, and flexible service schedules to meet customer needs."
Richland County Chamber / Econ Dev,,,,,"Sit & Git Portables | (608) 570-9118 | https://www.sitandgit.com/","Portable toilet rentals","Richland County, WI","Mon–Sat 8 AM–5 PM; Sun closed","Sit & Git Portables provides portable restroom rentals, ADA-accessible units, handwashing stations, and servicing across southwest Wisconsin. Local delivery, clean units, and flexible service schedules to meet customer needs."
Crawford County Chamber / Econ Dev,,,,,"Sit & Git Portables | (608) 570-9118 | https://www.sitandgit.com/","Portable toilet rentals","Crawford County, WI","Mon–Sat 8 AM–5 PM; Sun closed","Sit & Git Portables provides portable restroom rentals, ADA-accessible units, handwashing stations, and servicing across southwest Wisconsin. Local delivery, clean units, and flexible service schedules to meet customer needs."
Better Business Bureau (BBB),,,,,"Sit & Git Portables | (608) 570-9118 | https://www.sitandgit.com/","Portable toilet supplier","Vernon, Richland, Crawford (WI)","Mon–Sat 8 AM–5 PM; Sun closed","Sit & Git Portables provides portable restroom rentals, ADA-accessible units, handwashing stations, and servicing across southwest Wisconsin. Local delivery, clean units, and flexible service schedules to meet customer needs."
Angi,,,,,"Sit & Git Portables | (608) 570-9118 | https://www.sitandgit.com/","Portable toilet rentals","Vernon, Richland, Crawford (WI)","Mon–Sat 8 AM–5 PM; Sun closed","Sit & Git Portables provides portable restroom rentals, ADA-accessible units, handwashing stations, and servicing across southwest Wisconsin. Local delivery, clean units, and flexible service schedules to meet customer needs."
HomeAdvisor,,,,,"Sit & Git Portables | (608) 570-9118 | https://www.sitandgit.com/","Portable toilet rentals","Vernon, Richland, Crawford (WI)","Mon–Sat 8 AM–5 PM; Sun closed","Sit & Git Portables provides portable restroom rentals, ADA-accessible units, handwashing stations, and servicing across southwest Wisconsin. Local delivery, clean units, and flexible service schedules to meet customer needs."
Thumbtack,,,,,"Sit & Git Portables | (608) 570-9118 | https://www.sitandgit.com/","Portable toilet rentals","Vernon, Richland, Crawford (WI)","Mon–Sat 8 AM–5 PM; Sun closed","Sit & Git Portables provides portable restroom rentals, ADA-accessible units, handwashing stations, and servicing across southwest Wisconsin. Local delivery, clean units, and flexible service schedules to meet customer needs."
Nextdoor,,,,,"Sit & Git Portables | (608) 570-9118 | https://www.sitandgit.com/","Portable toilet rentals","Vernon, Richland, Crawford (WI)","Mon–Sat 8 AM–5 PM; Sun closed","Sit & Git Portables provides portable restroom rentals, ADA-accessible units, handwashing stations, and servicing across southwest Wisconsin. Local delivery, clean units, and flexible service schedules to meet customer needs."
Yellow Pages,,,,,"Sit & Git Portables | (608) 570-9118 | https://www.sitandgit.com/","Portable toilet supplier","Vernon, Richland, Crawford (WI)","Mon–Sat 8 AM–5 PM; Sun closed","Sit & Git Portables provides portable restroom rentals, ADA-accessible units, handwashing stations, and servicing across southwest Wisconsin. Local delivery, clean units, and flexible service schedules to meet customer needs."
ChamberofCommerce.com,,,,,"Sit & Git Portables | (608) 570-9118 | https://www.sitandgit.com/","Portable toilet rentals","Vernon, Richland, Crawford (WI)","Mon–Sat 8 AM–5 PM; Sun closed","Sit & Git Portables provides portable restroom rentals, ADA-accessible units, handwashing stations, and servicing across southwest Wisconsin. Local delivery, clean units, and flexible service schedules to meet customer needs."
Manta,,,,,"Sit & Git Portables | (608) 570-9118 | https://www.sitandgit.com/","Portable toilet rentals","Vernon, Richland, Crawford (WI)","Mon–Sat 8 AM–5 PM; Sun closed","Sit & Git Portables provides portable restroom rentals, ADA-accessible units, handwashing stations, and servicing across southwest Wisconsin. Local delivery, clean units, and flexible service schedules to meet customer needs."
Hotfrog,,,,,"Sit & Git Portables | (608) 570-9118 | https://www.sitandgit.com/","Portable toilet rentals","Vernon, Richland, Crawford (WI)","Mon–Sat 8 AM–5 PM; Sun closed","Sit & Git Portables provides portable restroom rentals, ADA-accessible units, handwashing stations, and servicing across southwest Wisconsin. Local delivery, clean units, and flexible service schedules to meet customer needs."
Alignable,,,,,"Sit & Git Portables | (608) 570-9118 | https://www.sitandgit.com/","Portable toilet rentals","Vernon, Richland, Crawford (WI)","Mon–Sat 8 AM–5 PM; Sun closed","Sit & Git Portables provides portable restroom rentals, ADA-accessible units, handwashing stations, and servicing across southwest Wisconsin. Local delivery, clean units, and flexible service schedules to meet customer needs."
